Workbook

Sheet Test Cases (Mixed Log)
A1: JioMart Categories, Subcategories & Navigation - Test Execution Matrix
A2: Real-World QA Execution Log: Intermixed Pass, Fail (Defects), and Pending Test Cases
A4: Test Case ID | B4: Feature / Sub-Module | C4: Test Case Scenario | D4: Test Steps | E4: Expected / Observed Result | F4: Status
A5: TC_001 | B5: Category Display | C5: Verify all main categories render on homepage header | D5: 1. Open homepage. 2. Observe navigation bar. | E5: All primary categories (Groceries, Electronics, Fashion, Home, Beauty) load cleanly. | F5: Pass
A6: TC_002 | B6: Category Display | C6: Verify subcategories expand on mouse hover | D6: 1. Hover cursor over 'Groceries'. | E6: Flyout menu expands smoothly showing Staples, Dairy & Bakery, Beverages. | F6: Pass
A7: TC_003 | B7: Category Display | C7: Verify subcategories open on mobile screen tap | D7: 1. Emulate mobile view. 2. Tap on 'Groceries'. | E7: Category drawer opens displaying nested subcategory list. | F7: Pass
A8: TC_004 | B8: Category Display | C8: Verify category display during network throttling (Slow 3G) | D8: 1. Set throttling to Slow 3G in DevTools. 2. Hover over category menu. | E8: Expected: Skeleton loaders display smoothly. [FAIL]: Menu script crashes with Uncaught TypeError; blank dropdown rendered. | F8: Fail
A9: TC_005 | B9: Category Hierarchy | C9: Verify second-level nested subcategories (L2) | D9: 1. Hover over 'Groceries' -> 'Dairy & Bakery'. | E9: L2 menu opens showing Milk, Butter, Cheese, Bread, Yogurt. | F9: Pass
A10: TC_006 | B10: Category Hierarchy | C10: Verify third-level nested subcategories (L3) | D10: 1. Navigate to 'Dairy' -> 'Milk'. | E10: L3 items (Full Cream, Toned, Almond Milk, Soy Milk) display accurately. | F10: Pass
A11: TC_007 | B11: Category Display | C11: Verify category keyboard accessibility (Tab navigation) | D11: 1. Use 'Tab' key to move through category header. 2. Press Enter. | E11: Clear focus ring highlights each category sequentially; Enter key opens dropdown. | F11: Pass
A12: TC_008 | B12: Category Display | C12: Verify category icons and images render without distortion | D12: 1. Scroll through category grid on homepage. | E12: All category thumbnail icons and badges load cleanly with correct aspect ratio. | F12: Pass
A13: TC_009 | B13: Category Display | C13: Verify sticky category header remains visible on scroll | D13: 1. Scroll down 1200px on homepage. | E13: Navigation bar remains fixed at top of viewport. | F13: Pass
A14: TC_010 | B14: Category Display | C14: Verify 'All Categories' mega-menu link expansion | D14: 1. Click hamburger icon 'All Categories'. | E14: Full-screen directory menu opens displaying complete category tree. | F14: Pass
A15: TC_011 | B15: Localization | C15: Verify category menu titles in regional language: Hindi | D15: 1. Switch language to Hindi. 2. Inspect category titles. | E15: Category labels translate accurately to Hindi script without truncation. | F15: Pass
... A104: TC_100 | B104: Navigation History | C104: Verify navigating directly to homepage via logo click from deep PLP | D104: 1. Navigate 4 levels deep into category. 2. Click main JioMart logo. | E104: Clean immediate navigation back to root homepage. | F104: Pass

Sheet QA Dashboard & Metrics
A1: JioMart QA Metrics & Execution Dashboard
A2: Dynamic Excel Formulas Derived from the Mixed Test Case Matrix
A4: 1. Summary Test Execution Metrics
A5: Metric Parameter | B5: Count / Value | C5: Formula / Source | D5: Benchmark
A6: Total Requirements | B6: 40 | C6: Module Requirements Specification | D6: Baseline
A7: Requirements Tested | B7: 36 | C7: Tested in current QA cycle | D7: 90.00% Coverage
A8: Total Test Cases | B8: =COUNTA('Test Cases (Mixed Log)'!A5:A104) | C8: =COUNTA('Test Cases (Mixed Log)'!A5:A104) | D8: 100 Cases
A9: Test Cases Executed | B9: =COUNTIF('Test Cases (Mixed Log)'!F5:F104, "Pass") + COUNTIF('Test Cases (Mixed Log)'!F5:F104, "Fail") | C9: =Passed + Failed | D9: 80 Cases
A10: Passed Test Cases | B10: =COUNTIF('Test Cases (Mixed Log)'!F5:F104, "Pass") | C10: =COUNTIF('Test Cases (Mixed Log)'!F5:F104, "Pass") | D10: 68 Cases
A11: Failed Test Cases (Defects) | B11: =COUNTIF('Test Cases (Mixed Log)'!F5:F104, "Fail") | C11: =COUNTIF('Test Cases (Mixed Log)'!F5:F104, "Fail") | D11: 12 Cases
A12: Pending Test Cases | B12: =COUNTIF('Test Cases (Mixed Log)'!F5:F104, "Pending") | C12: =COUNTIF('Test Cases (Mixed Log)'!F5:F104, "Pending") | D12: 20 Cases
A13: Requirement Coverage Rate (%) | B13: =(B7/B6)*100 | C13: (Requirements Tested ÷ Total Requirements) × 100 | D13: 90.00%
A14: Test Execution Rate (%) | B14: =(B9/B8)*100 | C14: (Executed Test Cases ÷ Total Test Cases) × 100 | D14: 80.00%
A15: Pass Rate (%) | B15: =(B10/B9)*100 | C15: (Passed Test Cases ÷ Executed Test Cases) × 100 | D15: 85.00%
A16: Fail Rate (%) | B16: =(B11/B9)*100 | C16: (Failed Test Cases ÷ Executed Test Cases) × 100 | D16: 15.00%
A17: Pending Test Cases Rate (%) | B17: =(B12/B8)*100 | C17: (Pending Test Cases ÷ Total Test Cases) × 100 | D17: 20.00%

Sheet Defects Log (12 Fails)
A1: Itemized Defects Log - 12 Failed Test Cases
A2: Detailed Breakdown of the 12 Bugs Discovered in the Mixed QA Run
A4: Defect ID | B4: Failed TC ID | C4: Module | D4: Test Scenario | E4: Defect Description & Root Cause | F4: Severity
A5: BUG_001 | B5: TC_004 | C5: Category Display | D5: Verify category display during network throttling (Slow 3G) | E5: Menu script crashes with Uncaught TypeError; blank dropdown rendered. | F5: Critical
A6: BUG_002 | B6: TC_018 | C6: Selection & Routing | D6: Verify URL handling for category names containing ampersand (&) | E6: Ampersand is unencoded, breaking route to '/category/beauty'. | F6: High
A7: BUG_003 | B7: TC_026 | C7: Selection & Routing | D7: Verify display for empty category containing zero products | E7: Infinite loading spinner spins endlessly; user is trapped. | F7: Medium
A8: BUG_004 | B8: TC_035 | C8: Breadcrumbs | D8: Verify deep breadcrumb hierarchy on small mobile screens (375px) | E8: Breadcrumbs wrap into 3 broken lines, hiding top filters. | F8: High
A9: BUG_005 | B9: TC_040 | C9: Breadcrumbs | D9: Verify breadcrumb link behavior following session logout | E9: Redirect loop occurs between auth gateway and category route. | F9: Medium
A10: BUG_006 | B10: TC_044 | C10: Product Listing | D10: Verify category product count dynamic update when filtering out-of-stock | E10: Counter remains static at 180, showing incorrect total. | F10: Critical
A11: BUG_007 | B11: TC_046 | C11: Product Listing | D11: Verify category infinite scrolling under high product volume (>500 items) | E11: Browser memory leak causes tab freeze; duplicate items injected. | F11: High
A12: BUG_008 | B12: TC_066 | C12: In-Category Search | D12: Verify in-category search with special characters (&, %, #) | E12: Server throws HTTP 500 Internal Server Error. | F12: Critical
A13: BUG_009 | B13: TC_069 | C13: Navigation History | D13: Verify back button retains active filters and page number | E13: Page resets to Page 1 with all filters wiped out. | F13: Medium
A14: BUG_010 | B14: TC_070 | C14: Navigation History | D14: Verify back button navigation on Safari iOS mobile | E14: Screen renders blank white canvas requiring hard reload. | F14: High
A15: BUG_011 | B15: TC_071 | C15: Subcategory Drawer | D15: Verify rapid multi-hover switching between categories | E15: Hover debounce fails; multiple drawers get stuck open simultaneously. | F15: Medium
A16: BUG_012 | B16: TC_072 | C16: Mobile Navigation | D16: Verify closing mobile category drawer via Android hardware back key | E16: Closes browser tab instead of closing drawer modal. | F16: Medium

Sheet Testing Metrics & Calculations
A1: JioMart QA Testing Metrics: Complete Calculations & Formulas (1 to 11)
A2: Detailed Breakdown: Formulas, Worked Solutions, Statistical Averages, Severity Distributions & Final Answers
A4: Metric # & Category | B4: Problem Statement / Test Scenario | C4: Standard Formula | D4: Step-by-Step Solution | E4: Final Calculated Answer
A5: 1. Test Coverage | B5: The JioMart module has 50 requirements. The QA team has tested 45 requirements. Calculate the Test Coverage. | C5: (Requirements Tested ÷ Total Requirements) × 100 | D5: (45 ÷ 50) × 100 = 0.90 × 100 = 90% | E5: Test Coverage = 90%
A6: 2. Pass Rate & Fail Rate | B6: Out of 90 executed test cases on the JioMart app, 72 passed and 18 failed. Calculate both Pass Rate and Fail Rate. | C6: Pass Rate = (Passed ÷ Total Executed) × 100 Fail Rate = (Failed ÷ Total Executed) × 100 | D6: Pass Rate: (72 ÷ 90) × 100 = 80% Fail Rate: (18 ÷ 90) × 100 = 20% | E6: Pass Rate = 80% Fail Rate = 20%
A7: 3. Defect Density | B7: The JioMart module contains 15,000 lines of code and testers found 18 defects. Calculate the Defect Density per KLOC. | C7: Defect Density = Number of Defects ÷ KLOC (where KLOC = LOC ÷ 1,000) | D7: KLOC = 15,000 ÷ 1,000 = 15 KLOC Defect Density = 18 ÷ 15 = 1.20 | E7: Defect Density = 1.2 defects/KLOC
A8: 4. Mean / Average (Page Load & API) | B8: Example A (Page Load): 5 runs: 2s, 3s, 4s, 5s, 6s. Example B (API Response): 6 runs: 110, 120, 140, 160, 180, 190 ms. | C8: Mean = Sum of Values ÷ Number of Values | D8: Page Load Mean: (2 + 3 + 4 + 5 + 6) ÷ 5 = 20 ÷ 5 = 4.0 sec API Response Mean: (110 + 120 + 140 + 160 + 180 + 190) ÷ 6 = 900 ÷ 6 = 150.0 ms | E8: Avg Page Load = 4 seconds Avg API Response = 150 ms
A9: 5. Median (Odd & Even Sets) | B9: Example A (Odd): Page load times 2, 6, 3, 5, 4 sec. Example B (Even): API response times 110, 140, 120, 180, 160, 190 ms. | C9: Odd: Middle value after sorting Even: (Middle Value 1 + Middle Value 2) ÷ 2 | D9: Odd Sorted: [2, 3, 4, 5, 6] → Middle = 4 sec Even Sorted: [110, 120, 140, 160, 180, 190] → (140 + 160) ÷ 2 = 150 ms | E9: Median Page Load = 4 seconds Median API Response = 150 ms
A10: 6. Mean vs Median (Outlier Spike) | B10: Page loading times under network throttling: 2, 2, 3, 3, and 20 seconds. Calculate Mean and Median, and explain impact. | C10: Mean = Sum ÷ N Median = Middle value after sorting | D10: Mean = (2 + 2 + 3 + 3 + 20) ÷ 5 = 30 ÷ 5 = 6.0 sec Sorted: [2, 2, 3, 3, 20] → Median = 3.0 sec Note: The 20s timeout spike skews the mean significantly; median represents typical UX. | E10: Mean = 6 seconds Median = 3 seconds
A11: 7. Test Execution Percentage | B11: The JioMart module test cycle contains 120 test cases. The team has executed 90 test cases. Calculate execution percentage. | C11: (Executed Test Cases ÷ Total Test Cases) × 100 | D11: (90 ÷ 120) × 100 = 0.75 × 100 = 75% | E11: Test Execution = 75%
A12: 8. Test Execution, Pass & Fail Rate | B12: There are 120 total test cases. Executed = 90, Passed = 72, Failed = 18. Calculate Execution %, Pass Rate, and Fail Rate. | C12: Execution % = (Executed ÷ Total) × 100 Pass Rate = (Passed ÷ Executed) × 100 Fail Rate = (Failed ÷ Executed) × 100 | D12: Execution % = (90 ÷ 120) × 100 = 75% Pass Rate = (72 ÷ 90) × 100 = 80% Fail Rate = (18 ÷ 90) × 100 = 20% | E12: Execution = 75% Pass Rate = 80% Fail Rate = 20%
A13: 9. Critical Defect Percentage | B13: The testing team identified 18 defects in the JioMart module. Out of these, 3 are Critical. Calculate Critical Defect %. | C13: (Critical Defects ÷ Total Defects) × 100 | D13: (3 ÷ 18) × 100 = 0.1667 × 100 = 16.67% | E13: Critical Defect % = 16.67%
A14: 10. Defect Distribution | B14: There are 18 total defects recorded: Critical = 3, High = 6, Medium = 6, Low = 3. Calculate percentage breakdown. | C14: Severity % = (Defects in Tier ÷ Total Defects) × 100 | D14: Critical: (3 ÷ 18) × 100 = 16.67% High: (6 ÷ 18) × 100 = 33.33% Medium: (6 ÷ 18) × 100 = 33.33% Low: (3 ÷ 18) × 100 = 16.67% | E14: Critical: 16.67% High: 33.33% Medium: 33.33% Low: 16.67% Total: 100%
A15: 11. Combined Test Metrics Problem | B15: JioMart Categories module has 50 requirements, 45 tested, 120 total test cases, 90 executed, 72 passed, and 18 failed. Calculate all core metrics. | C15: Requirement Coverage = (45 ÷ 50) × 100 Execution Rate = (90 ÷ 120) × 100 Pass Rate = (72 ÷ 90) × 100 Fail Rate = (18 ÷ 90) × 100 | D15: Req Coverage = (45 ÷ 50) × 100 = 90% Execution Rate = (90 ÷ 120) × 100 = 75% Pass Rate = (72 ÷ 90) × 100 = 80% Fail Rate = (18 ÷ 90) × 100 = 20% | E15: Req Coverage = 90% Execution = 75% Pass Rate = 80% Fail Rate = 20%
A18: Defect Severity Distribution Table (Metric #10 Breakdown)
A19: Severity Level | B19: Defect Count | C19: Calculation Formula | D19: Percentage Share | E19: Resolution Priority
A20: Critical | B20: 3 | C20: =(B20/$B$24)*100 | D20: 16.67 | E20: P0 - Immediate Hotfix / Showstopper
A21: High | B21: 6 | C21: =(B21/$B$24)*100 | D21: 33.33 | E21: P1 - Fix within current sprint
A22: Medium | B22: 6 | C22: =(B22/$B$24)*100 | D22: 33.33 | E22: P2 - Fix scheduled in next sprint
A23: Low | B23: 3 | C23: =(B23/$B$24)*100 | D23: 16.67 | E23: P3 - Minor UI cosmetic defect
A24: Total | B24: =SUM(B20:B23) | C24: =(B24/$B$24)*100 | D24: 100 | E24: All 18 defects triaged
